kategori,icerik
Spor,"
2024 Avrupa Şampiyonası hazırlıklarını sürdüren Türkiye A Milli Futbol Takımı, son taktik antrenmanında 
farklı varyasyonlar üzerinde durdu. <div>Analiz Haber: Futbolun kalbi burada atıyor.</div> 
Teknik direktör Vincenzo Montella, orta saha kurgusunda 4-3-3 sistemini test ederken, oyuncuların 
kondisyon verileri teknik ekibi memnun etti. Maç istatistiklerine bakıldığında, ay-yıldızlı ekibin 
topla oynama oranı %58, pas isabet oranı ise %88 olarak kaydedildi. 
Twitter üzerinden #BizimÇocuklar etiketiyle 500.000'den fazla etkileşim alındı. 
Arda Güler'in 18 yaşındaki üstün performansı ve ceza sahası dışından attığı goller, 
Avrupa'daki gözlemcilerin (scout) listesinde ilk sıraya yerleşmesini sağladı. 
Takım savunmasındaki %15'lik iyileşme, gelecek maçlar öncesi umut veriyor. 
Ancak hücum hattındaki bitiricilik konusunda hala geliştirilmesi gereken noktalar mevcut. 
Sakatlığı bulunan oyuncuların durumları 24 saat içinde netleşecek. 
Modern futbolun gerektirdiği yüksek pres ve hızlı geçiş oyunları antrenmanların ana odak noktasıydı.

2024 Avrupa Şampiyonası hazırlıklarını sürdüren Türkiye A Milli Futbol Takımı, son taktik antrenmanında 
farklı varyasyonlar üzerinde durdu. <div>Analiz Haber: Futbolun kalbi burada atıyor.</div> 
Teknik direktör Vincenzo Montella, orta saha kurgusunda 4-3-3 sistemini test ederken, oyuncuların 
kondisyon verileri teknik ekibi memnun etti. Maç istatistiklerine bakıldığında, ay-yıldızlı ekibin 
topla oynama oranı %58, pas isabet oranı ise %88 olarak kaydedildi. 
Twitter üzerinden #BizimÇocuklar etiketiyle 500.000'den fazla etkileşim alındı. 
Arda Güler'in 18 yaşındaki üstün performansı ve ceza sahası dışından attığı goller, 
Avrupa'daki gözlemcilerin (scout) listesinde ilk sıraya yerleşmesini sağladı. 
Takım savunmasındaki %15'lik iyileşme, gelecek maçlar öncesi umut veriyor. 
Ancak hücum hattındaki bitiricilik konusunda hala geliştirilmesi gereken noktalar mevcut. 
Sakatlığı bulunan oyuncuların durumları 24 saat içinde netleşecek. 
Modern futbolun gerektirdiği yüksek pres ve hızlı geçiş oyunları antrenmanların ana odak noktasıydı.

2024 Avrupa Şampiyonası hazırlıklarını sürdüren Türkiye A Milli Futbol Takımı, son taktik antrenmanında 
farklı varyasyonlar üzerinde durdu. <div>Analiz Haber: Futbolun kalbi burada atıyor.</div> 
Teknik direktör Vincenzo Montella, orta saha kurgusunda 4-3-3 sistemini test ederken, oyuncuların 
kondisyon verileri teknik ekibi memnun etti. Maç istatistiklerine bakıldığında, ay-yıldızlı ekibin 
topla oynama oranı %58, pas isabet oranı ise %88 olarak kaydedildi. 
Twitter üzerinden #BizimÇocuklar etiketiyle 500.000'den fazla etkileşim alındı. 
Arda Güler'in 18 yaşındaki üstün performansı ve ceza sahası dışından attığı goller, 
Avrupa'daki gözlemcilerin (scout) listesinde ilk sıraya yerleşmesini sağladı. 
Takım savunmasındaki %15'lik iyileşme, gelecek maçlar öncesi umut veriyor. 
Ancak hücum hattındaki bitiricilik konusunda hala geliştirilmesi gereken noktalar mevcut. 
Sakatlığı bulunan oyuncuların durumları 24 saat içinde netleşecek. 
Modern futbolun gerektirdiği yüksek pres ve hızlı geçiş oyunları antrenmanların ana odak noktasıydı.

2024 Avrupa Şampiyonası hazırlıklarını sürdüren Türkiye A Milli Futbol Takımı, son taktik antrenmanında 
farklı varyasyonlar üzerinde durdu. <div>Analiz Haber: Futbolun kalbi burada atıyor.</div> 
Teknik direktör Vincenzo Montella, orta saha kurgusunda 4-3-3 sistemini test ederken, oyuncuların 
kondisyon verileri teknik ekibi memnun etti. Maç istatistiklerine bakıldığında, ay-yıldızlı ekibin 
topla oynama oranı %58, pas isabet oranı ise %88 olarak kaydedildi. 
Twitter üzerinden #BizimÇocuklar etiketiyle 500.000'den fazla etkileşim alındı. 
Arda Güler'in 18 yaşındaki üstün performansı ve ceza sahası dışından attığı goller, 
Avrupa'daki gözlemcilerin (scout) listesinde ilk sıraya yerleşmesini sağladı. 
Takım savunmasındaki %15'lik iyileşme, gelecek maçlar öncesi umut veriyor. 
Ancak hücum hattındaki bitiricilik konusunda hala geliştirilmesi gereken noktalar mevcut. 
Sakatlığı bulunan oyuncuların durumları 24 saat içinde netleşecek. 
Modern futbolun gerektirdiği yüksek pres ve hızlı geçiş oyunları antrenmanların ana odak noktasıydı.

2024 Avrupa Şampiyonası hazırlıklarını sürdüren Türkiye A Milli Futbol Takımı, son taktik antrenmanında 
farklı varyasyonlar üzerinde durdu. <div>Analiz Haber: Futbolun kalbi burada atıyor.</div> 
Teknik direktör Vincenzo Montella, orta saha kurgusunda 4-3-3 sistemini test ederken, oyuncuların 
kondisyon verileri teknik ekibi memnun etti. Maç istatistiklerine bakıldığında, ay-yıldızlı ekibin 
topla oynama oranı %58, pas isabet oranı ise %88 olarak kaydedildi. 
Twitter üzerinden #BizimÇocuklar etiketiyle 500.000'den fazla etkileşim alındı. 
Arda Güler'in 18 yaşındaki üstün performansı ve ceza sahası dışından attığı goller, 
Avrupa'daki gözlemcilerin (scout) listesinde ilk sıraya yerleşmesini sağladı. 
Takım savunmasındaki %15'lik iyileşme, gelecek maçlar öncesi umut veriyor. 
Ancak hücum hattındaki bitiricilik konusunda hala geliştirilmesi gereken noktalar mevcut. 
Sakatlığı bulunan oyuncuların durumları 24 saat içinde netleşecek. 
Modern futbolun gerektirdiği yüksek pres ve hızlı geçiş oyunları antrenmanların ana odak noktasıydı.

2024 Avrupa Şampiyonası hazırlıklarını sürdüren Türkiye A Milli Futbol Takımı, son taktik antrenmanında 
farklı varyasyonlar üzerinde durdu. <div>Analiz Haber: Futbolun kalbi burada atıyor.</div> 
Teknik direktör Vincenzo Montella, orta saha kurgusunda 4-3-3 sistemini test ederken, oyuncuların 
kondisyon verileri teknik ekibi memnun etti. Maç istatistiklerine bakıldığında, ay-yıldızlı ekibin 
topla oynama oranı %58, pas isabet oranı ise %88 olarak kaydedildi. 
Twitter üzerinden #BizimÇocuklar etiketiyle 500.000'den fazla etkileşim alındı. 
Arda Güler'in 18 yaşındaki üstün performansı ve ceza sahası dışından attığı goller, 
Avrupa'daki gözlemcilerin (scout) listesinde ilk sıraya yerleşmesini sağladı. 
Takım savunmasındaki %15'lik iyileşme, gelecek maçlar öncesi umut veriyor. 
Ancak hücum hattındaki bitiricilik konusunda hala geliştirilmesi gereken noktalar mevcut. 
Sakatlığı bulunan oyuncuların durumları 24 saat içinde netleşecek. 
Modern futbolun gerektirdiği yüksek pres ve hızlı geçiş oyunları antrenmanların ana odak noktasıydı.

2024 Avrupa Şampiyonası hazırlıklarını sürdüren Türkiye A Milli Futbol Takımı, son taktik antrenmanında 
farklı varyasyonlar üzerinde durdu. <div>Analiz Haber: Futbolun kalbi burada atıyor.</div> 
Teknik direktör Vincenzo Montella, orta saha kurgusunda 4-3-3 sistemini test ederken, oyuncuların 
kondisyon verileri teknik ekibi memnun etti. Maç istatistiklerine bakıldığında, ay-yıldızlı ekibin 
topla oynama oranı %58, pas isabet oranı ise %88 olarak kaydedildi. 
Twitter üzerinden #BizimÇocuklar etiketiyle 500.000'den fazla etkileşim alındı. 
Arda Güler'in 18 yaşındaki üstün performansı ve ceza sahası dışından attığı goller, 
Avrupa'daki gözlemcilerin (scout) listesinde ilk sıraya yerleşmesini sağladı. 
Takım savunmasındaki %15'lik iyileşme, gelecek maçlar öncesi umut veriyor. 
Ancak hücum hattındaki bitiricilik konusunda hala geliştirilmesi gereken noktalar mevcut. 
Sakatlığı bulunan oyuncuların durumları 24 saat içinde netleşecek. 
Modern futbolun gerektirdiği yüksek pres ve hızlı geçiş oyunları antrenmanların ana odak noktasıydı.

2024 Avrupa Şampiyonası hazırlıklarını sürdüren Türkiye A Milli Futbol Takımı, son taktik antrenmanında 
farklı varyasyonlar üzerinde durdu. <div>Analiz Haber: Futbolun kalbi burada atıyor.</div> 
Teknik direktör Vincenzo Montella, orta saha kurgusunda 4-3-3 sistemini test ederken, oyuncuların 
kondisyon verileri teknik ekibi memnun etti. Maç istatistiklerine bakıldığında, ay-yıldızlı ekibin 
topla oynama oranı %58, pas isabet oranı ise %88 olarak kaydedildi. 
Twitter üzerinden #BizimÇocuklar etiketiyle 500.000'den fazla etkileşim alındı. 
Arda Güler'in 18 yaşındaki üstün performansı ve ceza sahası dışından attığı goller, 
Avrupa'daki gözlemcilerin (scout) listesinde ilk sıraya yerleşmesini sağladı. 
Takım savunmasındaki %15'lik iyileşme, gelecek maçlar öncesi umut veriyor. 
Ancak hücum hattındaki bitiricilik konusunda hala geliştirilmesi gereken noktalar mevcut. 
Sakatlığı bulunan oyuncuların durumları 24 saat içinde netleşecek. 
Modern futbolun gerektirdiği yüksek pres ve hızlı geçiş oyunları antrenmanların ana odak noktasıydı.
"
